<?xml version="1.0" encoding="UTF-8"?>

<configuration status="debug">

    <Appenders>
        <!-- 콘솔 -->
        <Console name="console" target="SYSTEM_OUT"> <!--  -->
            <PatternLayout charset="UTF-8" pattern="%d{yyyy-MM-dd hh:mm:ss} %5p [%c] %m%n"/> <!-- %c는 클래스이름 %m%n은 메서드의 몇번째 라인 -->
        </Console>
    </Appenders>

    <loggers>

        <logger name="jdbc.sqltiming" level="INFO" additivity="false">
            <appender-ref ref="console" />
        </logger>
        <logger name="java.sql.Connection" level="INFO" additivity="false">
            <appender-ref ref="console" />
        </logger>
        <logger name="java.sql.Statement" level="INFO" additivity="false">
            <appender-ref ref="console" />
        </logger>
        <logger name="java.sql.PreparedStatement" level="INFO" additivity="false">
            <appender-ref ref="console" />
        </logger>
        <logger name="java.sql.ResultSet" level="INFO" additivity="false">
            <appender-ref ref="console" />
        </logger>
        <logger name="org.zerock.bitboard" level="DEBUG" additivity="false">
            <appender-ref ref="console" />
        </logger>
        <root level="info" additivity="false">
            <AppenderRef ref="console"/>
        </root>

    </loggers>

</configuration>
