<?xml version="1.0" encoding="UTF-8" ?>
<!DOCTYPE mapper
        PUBLIC "-//mybatis.org//DTD Mapper 3.0//EN"
        "http://mybatis.org/dtd/mybatis-3-mapper.dtd">
<mapper namespace="org.zerock.bitboard.dao.BoardMapper">
    <insert id="insert">
        insert into board (title,content,writer)
        values (#{title},#{content},#{writer})
        <selectKey order="AFTER" resultType="int" keyProperty="bno">
            select last_insert_id()
        </selectKey>
    </insert>

    <select id="select" resultType="org.zerock.bitboard.dto.BoardDTO">
        select * from board where bno = #{bno}
    </select>

    <select id="list" resultType="org.zerock.bitboard.dto.BoardDTO"> <!-- 불러온 row타입을 BoardDTO로 불러오라는 의미 -->
        select * from board where bno > 0 order by bno desc limit #{skip}, #{size}
    </select>

    <update id="update">
        update board set title = #{title},content = #{content} , updatedate = now()
        where bno = #{bno}
    </update>

    <delete id="delete">
        delete from board where bno = #{bno}
    </delete>

    <select id="selectCount" resultType="int">
        select count(bno) where bno > 0
    </select>

    <update id="updateViewcount">
        update board set viewcount = viewcount + 1 where bno = #{bno}
    </update>
    
    <select id="totalCount" resultType="int">
        select count(*) from board;
    </select>


</mapper>
